,Unnamed: 0,500 count,500 %,100 count,100 %,50 count,50 %,25 count,25 %,10 count,10 %,disease
0,0,12.0,0.21818181818181814,6.0,0.10909090909090907,1.0,0.01818181818181818,0.0,0.0,0.0,0.0,Luminal A Breast Carcinoma
0,0,9.0,0.1875,3.0,0.0625,0.0,0.0,0.0,0.0,0.0,0.0,Fragile X Syndrome
0,0,2.0,0.06451612903225806,3.0,0.0967741935483871,3.0,0.0967741935483871,0.0,0.0,0.0,0.0,Extrahepatic Cholangiocarcinoma
0,0,9.0,0.14285714285714285,2.0,0.031746031746031744,0.0,0.0,0.0,0.0,0.0,0.0,Dystonia
0,0,10.0,0.20833333333333331,5.0,0.10416666666666667,1.0,0.02083333333333333,0.0,0.0,0.0,0.0,Intracranial Aneurysm
0,0,22.0,0.24444444444444444,5.0,0.05555555555555555,0.0,0.0,0.0,0.0,0.0,0.0,Malignant Peripheral Nerve Sheath Tumor
0,0,33.0,0.2307692307692308,0.0,0.0,0.0,0.0,0.0,0.0,0.0,0.0,Fibroid Tumor
0,0,8.0,0.13333333333333333,1.0,0.016666666666666666,0.0,0.0,0.0,0.0,0.0,0.0,beta Thalassemia
0,0,23.0,0.2804878048780488,7.0,0.08536585365853659,0.0,0.0,0.0,0.0,0.0,0.0,Myasthenia Gravis
0,0,33.0,0.3027522935779817,0.0,0.0,0.0,0.0,0.0,0.0,0.0,0.0,Uveal melanoma
0,0,13.0,0.17567567567567569,4.0,0.054054054054054064,0.0,0.0,0.0,0.0,0.0,0.0,Developmental Disabilities
0,0,17.0,0.23943661971830985,5.0,0.07042253521126761,0.0,0.0,0.0,0.0,0.0,0.0,Measles
0,0,23.0,0.2323232323232323,3.0,0.030303030303030307,0.0,0.0,0.0,0.0,0.0,0.0,Lymphoproliferative Disorders
0,0,23.0,0.2346938775510204,1.0,0.010204081632653059,0.0,0.0,0.0,0.0,0.0,0.0,"Arthritis, Psoriatic"
0,0,16.0,0.26666666666666666,6.0,0.1,0.0,0.0,0.0,0.0,0.0,0.0,Drug abuse
0,0,39.0,0.2805755395683453,0.0,0.0,0.0,0.0,0.0,0.0,0.0,0.0,Myocardial Ischemia
0,0,20.0,0.24390243902439024,5.0,0.06097560975609756,0.0,0.0,0.0,0.0,0.0,0.0,Progressive cGVHD
0,0,11.0,0.2,3.0,0.054545454545454536,0.0,0.0,0.0,0.0,0.0,0.0,Ependymoma
0,0,33.0,0.38372093023255816,2.0,0.02325581395348837,0.0,0.0,0.0,0.0,0.0,0.0,Gastritis
0,0,18.0,0.28125,7.0,0.109375,0.0,0.0,0.0,0.0,0.0,0.0,Mycosis Fungoides
0,0,35.0,0.24822695035460995,0.0,0.0,0.0,0.0,0.0,0.0,0.0,0.0,Impaired glucose tolerance
0,0,19.0,0.2878787878787879,3.0,0.045454545454545456,0.0,0.0,0.0,0.0,0.0,0.0,Depressive Symptoms
0,0,19.0,0.2676056338028169,6.0,0.08450704225352113,0.0,0.0,0.0,0.0,0.0,0.0,Vascular inflammations
0,0,22.0,0.2716049382716049,6.0,0.07407407407407407,0.0,0.0,0.0,0.0,0.0,0.0,androgen independent prostate cancer
0,0,18.0,0.2727272727272727,8.0,0.12121212121212123,0.0,0.0,0.0,0.0,0.0,0.0,Skin Carcinogenesis
0,0,15.0,0.15625,1.0,0.010416666666666666,0.0,0.0,0.0,0.0,0.0,0.0,Ataxia
0,0,31.0,0.2330827067669173,0.0,0.0,0.0,0.0,0.0,0.0,0.0,0.0,Cytomegalovirus Infections
0,0,8.0,0.13793103448275862,7.0,0.1206896551724138,0.0,0.0,0.0,0.0,0.0,0.0,Hereditary Nonpolyposis Colorectal Cancer
0,0,15.0,0.16853932584269662,5.0,0.05617977528089888,0.0,0.0,0.0,0.0,0.0,0.0,Adenocarcinoma of large intestine
0,0,7.0,0.1,3.0,0.042857142857142864,0.0,0.0,0.0,0.0,0.0,0.0,Frontotemporal dementia
0,0,4.0,0.10526315789473684,3.0,0.07894736842105263,1.0,0.02631578947368421,0.0,0.0,0.0,0.0,Non-small cell lung cancer stage I
0,0,27.0,0.1888111888111888,0.0,0.0,0.0,0.0,0.0,0.0,0.0,0.0,Refractory anemias
0,0,25.0,0.2976190476190476,3.0,0.03571428571428571,0.0,0.0,0.0,0.0,0.0,0.0,Nonalcoholic Steatohepatitis
0,0,15.0,0.20270270270270271,3.0,0.040540540540540536,0.0,0.0,0.0,0.0,0.0,0.0,Monosomy
0,0,27.0,0.2547169811320755,0.0,0.0,0.0,0.0,0.0,0.0,0.0,0.0,Hypercholesterolemia
0,0,27.0,0.29347826086956524,2.0,0.021739130434782608,0.0,0.0,0.0,0.0,0.0,0.0,Periodontitis
0,0,38.0,0.3877551020408163,2.0,0.020408163265306117,0.0,0.0,0.0,0.0,0.0,0.0,Allergic asthma
0,0,34.0,0.2446043165467626,0.0,0.0,0.0,0.0,0.0,0.0,0.0,0.0,Noninfiltrating Intraductal Carcinoma
0,0,40.0,0.31496062992125984,0.0,0.0,0.0,0.0,0.0,0.0,0.0,0.0,Malignant mesothelioma
0,0,42.0,0.302158273381295,0.0,0.0,0.0,0.0,0.0,0.0,0.0,0.0,Anaplasia
0,0,25.0,0.26595744680851063,2.0,0.02127659574468085,0.0,0.0,0.0,0.0,0.0,0.0,Hematopoietic Neoplasms
0,0,19.0,0.3220338983050847,7.0,0.11864406779661014,0.0,0.0,0.0,0.0,0.0,0.0,Giant Cell Arteritis
0,0,11.0,0.16176470588235295,10.0,0.14705882352941174,0.0,0.0,0.0,0.0,0.0,0.0,breast adenocarcinoma
0,0,16.0,0.2388059701492537,5.0,0.07462686567164177,0.0,0.0,0.0,0.0,0.0,0.0,"Melanoma, B16"
0,0,24.0,0.3,2.0,0.025,0.0,0.0,0.0,0.0,0.0,0.0,Hamman-Rich syndrome
0,0,29.0,0.27884615384615385,0.0,0.0,0.0,0.0,0.0,0.0,0.0,0.0,Embryonal Carcinoma
0,0,28.0,0.3636363636363637,8.0,0.1038961038961039,0.0,0.0,0.0,0.0,0.0,0.0,Glomerulonephritis
0,0,23.0,0.20175438596491227,0.0,0.0,0.0,0.0,0.0,0.0,0.0,0.0,Epstein-Barr Virus Infections
0,0,14.0,0.11475409836065575,0.0,0.0,0.0,0.0,0.0,0.0,0.0,0.0,Autosomal Recessive Disorder
0,0,23.0,0.26436781609195403,4.0,0.045977011494252866,0.0,0.0,0.0,0.0,0.0,0.0,Mucosa-Associated Lymphoid Tissue Lymphoma
0,0,28.0,0.2258064516129032,0.0,0.0,0.0,0.0,0.0,0.0,0.0,0.0,Idiopathic pulmonary arterial hypertension
0,0,10.0,0.1851851851851852,4.0,0.07407407407407407,1.0,0.018518518518518517,0.0,0.0,0.0,0.0,"Leukemia, B-Cell"
0,0,11.0,0.18032786885245905,4.0,0.06557377049180327,0.0,0.0,0.0,0.0,0.0,0.0,Childhood asthma
0,0,23.0,0.2323232323232323,1.0,0.010101010101010102,0.0,0.0,0.0,0.0,0.0,0.0,Tuberous Sclerosis
0,0,45.0,0.3435114503816794,0.0,0.0,0.0,0.0,0.0,0.0,0.0,0.0,Endothelial dysfunction
0,0,25.0,0.2403846153846154,0.0,0.0,0.0,0.0,0.0,0.0,0.0,0.0,Kidney Failure
0,0,19.0,0.3064516129032258,4.0,0.06451612903225806,0.0,0.0,0.0,0.0,0.0,0.0,Hematological Disease
0,0,24.0,0.26666666666666666,3.0,0.03333333333333333,0.0,0.0,0.0,0.0,0.0,0.0,Bronchopulmonary Dysplasia
0,0,20.0,0.2298850574712644,6.0,0.06896551724137931,0.0,0.0,0.0,0.0,0.0,0.0,Carcinoid Tumor
0,0,11.0,0.19298245614035087,1.0,0.017543859649122806,0.0,0.0,0.0,0.0,0.0,0.0,Muscle Weakness
0,0,13.0,0.2280701754385965,3.0,0.05263157894736842,0.0,0.0,0.0,0.0,0.0,0.0,Von Hippel-Lindau Syndrome
0,0,16.0,0.1523809523809524,0.0,0.0,0.0,0.0,0.0,0.0,0.0,0.0,Dwarfism
0,0,5.0,0.10869565217391304,2.0,0.043478260869565216,0.0,0.0,0.0,0.0,0.0,0.0,MRSA - Methicillin resistant Staphylococcus aureus infection
0,0,6.0,0.13636363636363635,3.0,0.06818181818181818,1.0,0.022727272727272728,0.0,0.0,0.0,0.0,Premature aging syndrome
0,0,12.0,0.22641509433962265,5.0,0.09433962264150944,0.0,0.0,0.0,0.0,0.0,0.0,Tumor Promotion
0,0,11.0,0.13580246913580246,7.0,0.08641975308641975,0.0,0.0,0.0,0.0,0.0,0.0,"Hepatitis, Chronic"
0,0,11.0,0.2037037037037037,7.0,0.12962962962962962,0.0,0.0,0.0,0.0,0.0,0.0,Hairy Cell Leukemia
0,0,35.0,0.2777777777777778,0.0,0.0,0.0,0.0,0.0,0.0,0.0,0.0,"Mesothelioma (malignant, clinical disorder) (disorder)"
0,0,15.0,0.16853932584269662,4.0,0.0449438202247191,0.0,0.0,0.0,0.0,0.0,0.0,Coinfection
0,0,9.0,0.13846153846153847,1.0,0.015384615384615384,0.0,0.0,0.0,0.0,0.0,0.0,Vesicular Stomatitis
0,0,39.0,0.3170731707317073,0.0,0.0,0.0,0.0,0.0,0.0,0.0,0.0,Acute myocardial infarction
0,0,35.0,0.2692307692307692,0.0,0.0,0.0,0.0,0.0,0.0,0.0,0.0,Rectal Carcinoma
0,0,21.0,0.2058823529411765,0.0,0.0,0.0,0.0,0.0,0.0,0.0,0.0,Thrombocytopenia
0,0,7.0,0.2,1.0,0.028571428571428567,0.0,0.0,0.0,0.0,0.0,0.0,secondary acute myeloid leukemia
0,0,12.0,0.16666666666666666,5.0,0.06944444444444445,0.0,0.0,0.0,0.0,0.0,0.0,Atrophic condition of skin
0,0,17.0,0.21518987341772156,3.0,0.0379746835443038,0.0,0.0,0.0,0.0,0.0,0.0,Adrenocortical carcinoma
0,0,16.0,0.14814814814814814,1.0,0.009259259259259259,0.0,0.0,0.0,0.0,0.0,0.0,Seminoma
0,0,10.0,0.2127659574468085,8.0,0.1702127659574468,1.0,0.02127659574468085,0.0,0.0,0.0,0.0,Limb ischemia
0,0,13.0,0.2280701754385965,1.0,0.017543859649122806,0.0,0.0,0.0,0.0,0.0,0.0,Myositis
0,0,15.0,0.3947368421052632,1.0,0.02631578947368421,0.0,0.0,0.0,0.0,0.0,0.0,Photoreceptor degeneration
0,0,11.0,0.2558139534883721,3.0,0.06976744186046513,1.0,0.02325581395348837,0.0,0.0,0.0,0.0,Bloom Syndrome
0,0,28.0,0.22399999999999998,0.0,0.0,0.0,0.0,0.0,0.0,0.0,0.0,Cutaneous Melanoma
0,0,50.0,0.3472222222222222,0.0,0.0,0.0,0.0,0.0,0.0,0.0,0.0,Lupus Vulgaris
0,0,31.0,0.2167832167832168,0.0,0.0,0.0,0.0,0.0,0.0,0.0,0.0,Adenocarcinoma Of Esophagus
0,0,14.0,0.3043478260869565,4.0,0.08695652173913042,1.0,0.021739130434782608,0.0,0.0,0.0,0.0,Renal ischaemia
0,0,8.0,0.1509433962264151,7.0,0.1320754716981132,0.0,0.0,0.0,0.0,0.0,0.0,"Carcinoma, Lewis Lung"
0,0,13.0,0.19402985074626866,4.0,0.059701492537313425,0.0,0.0,0.0,0.0,0.0,0.0,Differentiated Thyroid Gland Carcinoma
0,0,17.0,0.2236842105263158,6.0,0.07894736842105263,0.0,0.0,0.0,0.0,0.0,0.0,Monoclonal Gammopathy of Undetermined Significance
0,0,20.0,0.30303030303030304,5.0,0.07575757575757576,0.0,0.0,0.0,0.0,0.0,0.0,Tumor Immunity
0,0,35.0,0.25,0.0,0.0,0.0,0.0,0.0,0.0,0.0,0.0,Hepatitis
0,0,5.0,0.10869565217391304,3.0,0.06521739130434782,0.0,0.0,0.0,0.0,0.0,0.0,Pick Disease of the Brain
0,0,14.0,0.18181818181818185,7.0,0.09090909090909093,0.0,0.0,0.0,0.0,0.0,0.0,Cervical Squamous Cell Carcinoma
0,0,16.0,0.3636363636363637,2.0,0.045454545454545456,0.0,0.0,0.0,0.0,0.0,0.0,Severe Sepsis
0,0,7.0,0.1891891891891892,1.0,0.027027027027027032,1.0,0.027027027027027032,0.0,0.0,0.0,0.0,Angiogenic Switch
0,0,39.0,0.3046875,0.0,0.0,0.0,0.0,0.0,0.0,0.0,0.0,Allergic disposition
0,0,26.0,0.25,0.0,0.0,0.0,0.0,0.0,0.0,0.0,0.0,Malnutrition
0,0,13.0,0.19696969696969696,4.0,0.060606060606060615,0.0,0.0,0.0,0.0,0.0,0.0,Traditional Serrated Adenoma
0,0,28.0,0.24778761061946905,0.0,0.0,0.0,0.0,0.0,0.0,0.0,0.0,Atrial Fibrillation
0,0,20.0,0.18691588785046728,1.0,0.009345794392523364,0.0,0.0,0.0,0.0,0.0,0.0,Diarrhea
0,0,27.0,0.2872340425531915,3.0,0.031914893617021274,0.0,0.0,0.0,0.0,0.0,0.0,Osteopenia
0,0,32.0,0.2388059701492537,0.0,0.0,0.0,0.0,0.0,0.0,0.0,0.0,Mood Disorders
0,0,10.0,0.15625,5.0,0.078125,0.0,0.0,0.0,0.0,0.0,0.0,liposarcoma
0,0,21.0,0.2258064516129032,5.0,0.053763440860215055,0.0,0.0,0.0,0.0,0.0,0.0,Colorectal cancer metastatic
0,0,22.0,0.28205128205128205,2.0,0.02564102564102564,0.0,0.0,0.0,0.0,0.0,0.0,Vitiligo
0,0,22.0,0.2222222222222222,0.0,0.0,0.0,0.0,0.0,0.0,0.0,0.0,Ductal Carcinoma
0,0,6.0,0.10714285714285714,6.0,0.10714285714285714,0.0,0.0,0.0,0.0,0.0,0.0,Laryngeal Squamous Cell Carcinoma
0,0,18.0,0.20454545454545456,2.0,0.022727272727272728,0.0,0.0,0.0,0.0,0.0,0.0,Congenital Heart Defects
0,0,24.0,0.2553191489361702,2.0,0.02127659574468085,0.0,0.0,0.0,0.0,0.0,0.0,Renal fibrosis
0,0,37.0,0.2936507936507937,0.0,0.0,0.0,0.0,0.0,0.0,0.0,0.0,"FANCONI ANEMIA, COMPLEMENTATION GROUP A (disorder)"
0,0,14.0,0.2222222222222222,10.0,0.15873015873015872,0.0,0.0,0.0,0.0,0.0,0.0,Tauopathies
0,0,21.0,0.31343283582089554,5.0,0.07462686567164177,0.0,0.0,0.0,0.0,0.0,0.0,Aplastic Anemia
0,0,12.0,0.15384615384615385,4.0,0.05128205128205128,0.0,0.0,0.0,0.0,0.0,0.0,Prostatic Intraepithelial Neoplasias
0,0,6.0,0.1875,3.0,0.09375,0.0,0.0,0.0,0.0,0.0,0.0,"Inclusion Body Myopathy, Sporadic"
0,0,28.0,0.24347826086956526,0.0,0.0,0.0,0.0,0.0,0.0,0.0,0.0,Celiac Disease
0,0,22.0,0.3548387096774194,3.0,0.04838709677419355,0.0,0.0,0.0,0.0,0.0,0.0,Nephritis
0,0,22.0,0.3606557377049181,6.0,0.09836065573770493,0.0,0.0,0.0,0.0,0.0,0.0,Peritonitis
0,0,30.0,0.2608695652173913,0.0,0.0,0.0,0.0,0.0,0.0,0.0,0.0,Metastasis from malignant tumor of prostate
0,0,30.0,0.3191489361702128,2.0,0.02127659574468085,0.0,0.0,0.0,0.0,0.0,0.0,Dyslipidemias
0,0,10.0,0.2702702702702703,4.0,0.10810810810810813,0.0,0.0,0.0,0.0,0.0,0.0,Primary immune deficiency disorder
0,0,11.0,0.16417910447761194,5.0,0.07462686567164177,0.0,0.0,0.0,0.0,0.0,0.0,precancerous lesions
0,0,30.0,0.2564102564102564,0.0,0.0,0.0,0.0,0.0,0.0,0.0,0.0,"Plaque, Amyloid"
0,0,29.0,0.27102803738317754,0.0,0.0,0.0,0.0,0.0,0.0,0.0,0.0,Blast Phase
0,0,18.0,0.2222222222222222,4.0,0.04938271604938271,0.0,0.0,0.0,0.0,0.0,0.0,oligodendroglioma
0,0,21.0,0.2359550561797753,3.0,0.033707865168539325,0.0,0.0,0.0,0.0,0.0,0.0,insulinoma
0,0,17.0,0.2023809523809524,5.0,0.05952380952380953,0.0,0.0,0.0,0.0,0.0,0.0,TARSAL-CARPAL COALITION SYNDROME
0,0,27.0,0.2547169811320755,0.0,0.0,0.0,0.0,0.0,0.0,0.0,0.0,Invasive Ductal Breast Carcinoma
0,0,7.0,0.15217391304347827,3.0,0.06521739130434782,1.0,0.021739130434782608,0.0,0.0,0.0,0.0,Enterovirus Infections
0,0,20.0,0.17391304347826084,0.0,0.0,0.0,0.0,0.0,0.0,0.0,0.0,Neuropathy
0,0,28.0,0.27184466019417475,0.0,0.0,0.0,0.0,0.0,0.0,0.0,0.0,Cerebral Ischemia
0,0,32.0,0.32989690721649484,1.0,0.010309278350515464,0.0,0.0,0.0,0.0,0.0,0.0,Skin Neoplasms
0,0,15.0,0.2727272727272727,5.0,0.09090909090909093,0.0,0.0,0.0,0.0,0.0,0.0,Juvenile Myelomonocytic Leukemia
0,0,21.0,0.28,0.0,0.0,0.0,0.0,0.0,0.0,0.0,0.0,Hyperlipoproteinemia Type IIa
0,0,19.0,0.31666666666666665,8.0,0.13333333333333333,0.0,0.0,0.0,0.0,0.0,0.0,Sezary Syndrome
0,0,16.0,0.26229508196721313,4.0,0.06557377049180327,0.0,0.0,0.0,0.0,0.0,0.0,Ureteral obstruction
0,0,12.0,0.1875,6.0,0.09375,0.0,0.0,0.0,0.0,0.0,0.0,Biliary Tract Cancer
0,0,6.0,0.1176470588235294,4.0,0.0784313725490196,0.0,0.0,0.0,0.0,0.0,0.0,"Carcinoma, Endometrioid"
0,0,10.0,0.16393442622950818,2.0,0.032786885245901634,0.0,0.0,0.0,0.0,0.0,0.0,Dystonia Disorders
0,0,29.0,0.2,0.0,0.0,0.0,0.0,0.0,0.0,0.0,0.0,"Cardiomyopathy, Dilated"
0,0,7.0,0.15217391304347827,2.0,0.043478260869565216,0.0,0.0,0.0,0.0,0.0,0.0,Movement Disorders
0,0,10.0,0.2127659574468085,6.0,0.1276595744680851,0.0,0.0,0.0,0.0,0.0,0.0,Thyroid Diseases
0,0,15.0,0.18292682926829268,5.0,0.06097560975609756,0.0,0.0,0.0,0.0,0.0,0.0,Complete atrioventricular block
0,0,32.0,0.4324324324324325,4.0,0.054054054054054064,0.0,0.0,0.0,0.0,0.0,0.0,Inflammatory dermatosis
0,0,12.0,0.2033898305084746,9.0,0.15254237288135594,0.0,0.0,0.0,0.0,0.0,0.0,Neurilemmoma
0,0,32.0,0.3137254901960784,2.0,0.0196078431372549,0.0,0.0,0.0,0.0,0.0,0.0,"Anemia, Sickle Cell"
0,0,17.0,0.1827956989247312,2.0,0.021505376344086027,0.0,0.0,0.0,0.0,0.0,0.0,Malignant neoplasm of gallbladder
0,0,14.0,0.1891891891891892,1.0,0.013513513513513514,0.0,0.0,0.0,0.0,0.0,0.0,Hypertriglyceridemia
0,0,43.0,0.3359375,0.0,0.0,0.0,0.0,0.0,0.0,0.0,0.0,Bacterial Infections
0,0,31.0,0.28703703703703703,2.0,0.018518518518518517,0.0,0.0,0.0,0.0,0.0,0.0,"Hepatitis B, Chronic"
0,0,9.0,0.15,0.0,0.0,0.0,0.0,0.0,0.0,0.0,0.0,beta^+^ Thalassemia
0,0,36.0,0.2571428571428571,0.0,0.0,0.0,0.0,0.0,0.0,0.0,0.0,Pheochromocytoma
0,0,12.0,0.3,2.0,0.05,2.0,0.05,0.0,0.0,0.0,0.0,Soft Tissue Neoplasms
0,0,31.0,0.2897196261682243,0.0,0.0,0.0,0.0,0.0,0.0,0.0,0.0,Sjogren's Syndrome
0,0,39.0,0.38235294117647056,0.0,0.0,0.0,0.0,0.0,0.0,0.0,0.0,Behcet Syndrome
0,0,14.0,0.18181818181818185,5.0,0.06493506493506493,0.0,0.0,0.0,0.0,0.0,0.0,Primary Effusion Lymphoma
0,0,22.0,0.2,0.0,0.0,0.0,0.0,0.0,0.0,0.0,0.0,"Neoplasm, Residual"
0,0,15.0,0.19230769230769232,4.0,0.05128205128205128,0.0,0.0,0.0,0.0,0.0,0.0,Intrahepatic Cholangiocarcinoma
0,0,10.0,0.15873015873015872,2.0,0.031746031746031744,0.0,0.0,0.0,0.0,0.0,0.0,Lyme Disease
0,0,7.0,0.11475409836065575,11.0,0.18032786885245905,0.0,0.0,0.0,0.0,0.0,0.0,Endometrial adenocarcinoma
0,0,29.0,0.2027972027972028,0.0,0.0,0.0,0.0,0.0,0.0,0.0,0.0,Experimental Organism Basal Cell Carcinoma
0,0,13.0,0.2549019607843137,8.0,0.1568627450980392,0.0,0.0,0.0,0.0,0.0,0.0,Arthropathy
0,0,19.0,0.2345679012345679,3.0,0.037037037037037035,0.0,0.0,0.0,0.0,0.0,0.0,Primary Myelofibrosis
0,0,14.0,0.18181818181818185,2.0,0.025974025974025976,0.0,0.0,0.0,0.0,0.0,0.0,Encephalopathies
0,0,31.0,0.33695652173913043,1.0,0.010869565217391304,0.0,0.0,0.0,0.0,0.0,0.0,Ulcer
0,0,28.0,0.27722772277227725,1.0,0.0099009900990099,0.0,0.0,0.0,0.0,0.0,0.0,Sarcoidosis
0,0,13.0,0.12871287128712872,0.0,0.0,0.0,0.0,0.0,0.0,0.0,0.0,Cataract
0,0,7.0,0.14285714285714285,4.0,0.08163265306122447,1.0,0.020408163265306117,0.0,0.0,0.0,0.0,Adenovirus Infections
0,0,26.0,0.18309859154929575,0.0,0.0,0.0,0.0,0.0,0.0,0.0,0.0,Retinal Diseases
0,0,4.0,0.047058823529411764,0.0,0.0,0.0,0.0,0.0,0.0,0.0,0.0,Developmental delay (disorder)
0,0,19.0,0.3064516129032258,6.0,0.0967741935483871,0.0,0.0,0.0,0.0,0.0,0.0,Encephalitis
0,0,12.0,0.2727272727272727,4.0,0.09090909090909093,0.0,0.0,0.0,0.0,0.0,0.0,Myelofibrosis
0,0,12.0,0.22641509433962265,4.0,0.07547169811320754,0.0,0.0,0.0,0.0,0.0,0.0,Liver regeneration disorder
0,0,23.0,0.26436781609195403,0.0,0.0,0.0,0.0,0.0,0.0,0.0,0.0,Migraine Disorders
0,0,23.0,0.3709677419354839,5.0,0.08064516129032258,0.0,0.0,0.0,0.0,0.0,0.0,Mucocutaneous Lymph Node Syndrome
0,0,36.0,0.3130434782608696,0.0,0.0,0.0,0.0,0.0,0.0,0.0,0.0,Chondrosarcoma
0,0,31.0,0.2743362831858407,0.0,0.0,0.0,0.0,0.0,0.0,0.0,0.0,"Meningioma, benign, no ICD-O subtype"
0,0,17.0,0.2537313432835821,4.0,0.059701492537313425,0.0,0.0,0.0,0.0,0.0,0.0,Left Ventricular Hypertrophy
0,0,3.0,0.07692307692307693,1.0,0.02564102564102564,2.0,0.05128205128205128,0.0,0.0,0.0,0.0,Dental caries
0,0,19.0,0.2753623188405797,3.0,0.043478260869565216,0.0,0.0,0.0,0.0,0.0,0.0,Chagas Disease
0,0,22.0,0.1864406779661017,0.0,0.0,0.0,0.0,0.0,0.0,0.0,0.0,Promyelocytic leukemia
0,0,18.0,0.2903225806451613,7.0,0.1129032258064516,0.0,0.0,0.0,0.0,0.0,0.0,Juvenile rheumatoid arthritis
0,0,17.0,0.19318181818181815,5.0,0.05681818181818181,0.0,0.0,0.0,0.0,0.0,0.0,Anaplastic thyroid carcinoma
0,0,6.0,0.10526315789473684,5.0,0.08771929824561403,0.0,0.0,0.0,0.0,0.0,0.0,Hyperplastic Polyp
0,0,10.0,0.17857142857142858,6.0,0.10714285714285714,0.0,0.0,0.0,0.0,0.0,0.0,Multiple Endocrine Neoplasia Type 1
0,0,16.0,0.25396825396825395,2.0,0.031746031746031744,0.0,0.0,0.0,0.0,0.0,0.0,Rett Syndrome
0,0,10.0,0.15384615384615385,1.0,0.015384615384615384,0.0,0.0,0.0,0.0,0.0,0.0,Neurodevelopmental Disorders
0,0,36.0,0.3333333333333333,0.0,0.0,0.0,0.0,0.0,0.0,0.0,0.0,Ki-1+ Anaplastic Large Cell Lymphoma
0,0,22.0,0.2716049382716049,5.0,0.061728395061728385,0.0,0.0,0.0,0.0,0.0,0.0,Juvenile arthritis
0,0,32.0,0.2601626016260163,0.0,0.0,0.0,0.0,0.0,0.0,0.0,0.0,Metastatic Prostate Carcinoma
0,0,26.0,0.3333333333333333,5.0,0.0641025641025641,0.0,0.0,0.0,0.0,0.0,0.0,Eosinophilia
0,0,18.0,0.375,2.0,0.04166666666666666,0.0,0.0,0.0,0.0,0.0,0.0,Cerebrovascular Disorders
0,0,18.0,0.2432432432432433,5.0,0.06756756756756757,0.0,0.0,0.0,0.0,0.0,0.0,Primary Sjogren's syndrome
0,0,34.0,0.3469387755102041,0.0,0.0,0.0,0.0,0.0,0.0,0.0,0.0,Van der Woude syndrome
0,0,13.0,0.203125,5.0,0.078125,0.0,0.0,0.0,0.0,0.0,0.0,early pregnancy
0,0,12.0,0.2,5.0,0.08333333333333333,0.0,0.0,0.0,0.0,0.0,0.0,Familial Alzheimer Disease (FAD)
0,0,30.0,0.2777777777777778,0.0,0.0,0.0,0.0,0.0,0.0,0.0,0.0,Graft-vs-Host Disease
0,0,3.0,0.049180327868852465,2.0,0.032786885245901634,0.0,0.0,0.0,0.0,0.0,0.0,Azoospermia
0,0,19.0,0.2533333333333333,3.0,0.04,0.0,0.0,0.0,0.0,0.0,0.0,Intestinal Neoplasms
0,0,8.0,0.1568627450980392,6.0,0.1176470588235294,0.0,0.0,0.0,0.0,0.0,0.0,Hepatic methionine adenosyltransferase deficiency
0,0,35.0,0.35714285714285715,1.0,0.010204081632653059,0.0,0.0,0.0,0.0,0.0,0.0,Nasal Polyps
0,0,33.0,0.2323943661971831,0.0,0.0,0.0,0.0,0.0,0.0,0.0,0.0,Pituitary Adenoma
0,0,37.0,0.3854166666666667,3.0,0.03125,0.0,0.0,0.0,0.0,0.0,0.0,Acute Coronary Syndrome
0,0,8.0,0.1702127659574468,1.0,0.02127659574468085,1.0,0.02127659574468085,0.0,0.0,0.0,0.0,Precursor B-Cell Lymphoblastic Leukemia-Lymphoma
0,0,7.0,0.11666666666666667,3.0,0.05,0.0,0.0,0.0,0.0,0.0,0.0,Lymphatic Metastasis
0,0,21.0,0.14788732394366194,0.0,0.0,0.0,0.0,0.0,0.0,0.0,0.0,"Pancreatitis, Chronic"
0,0,25.0,0.3968253968253968,6.0,0.09523809523809523,0.0,0.0,0.0,0.0,0.0,0.0,Interstitial lung fibrosis
0,0,14.0,0.2153846153846154,2.0,0.030769230769230767,0.0,0.0,0.0,0.0,0.0,0.0,Nodule
0,0,39.0,0.2765957446808511,0.0,0.0,0.0,0.0,0.0,0.0,0.0,0.0,Fanconi Anemia
0,0,20.0,0.2352941176470588,6.0,0.07058823529411765,0.0,0.0,0.0,0.0,0.0,0.0,Acute GVH disease
0,0,18.0,0.2,2.0,0.022222222222222227,0.0,0.0,0.0,0.0,0.0,0.0,Glaucoma
0,0,29.0,0.27884615384615385,1.0,0.009615384615384616,0.0,0.0,0.0,0.0,0.0,0.0,Hereditary hemochromatosis
0,0,10.0,0.21739130434782608,5.0,0.10869565217391304,0.0,0.0,0.0,0.0,0.0,0.0,Oral Cavity Carcinoma
0,0,24.0,0.3428571428571429,6.0,0.08571428571428573,0.0,0.0,0.0,0.0,0.0,0.0,Allergic rhinitis (disorder)
0,0,3.0,0.12,3.0,0.12,1.0,0.04,0.0,0.0,0.0,0.0,Inclusion Body Myositis (disorder)
0,0,22.0,0.22916666666666666,5.0,0.052083333333333336,0.0,0.0,0.0,0.0,0.0,0.0,IGA Glomerulonephritis
0,0,12.0,0.17647058823529413,9.0,0.1323529411764706,0.0,0.0,0.0,0.0,0.0,0.0,PACHYONYCHIA CONGENITA 3
0,0,33.0,0.24444444444444444,0.0,0.0,0.0,0.0,0.0,0.0,0.0,0.0,Gastrointestinal Stromal Tumors
0,0,11.0,0.2682926829268293,9.0,0.2195121951219512,1.0,0.024390243902439025,0.0,0.0,0.0,0.0,Intervertebral Disc Degeneration
0,0,22.0,0.24444444444444444,5.0,0.05555555555555555,0.0,0.0,0.0,0.0,0.0,0.0,"Carcinoma, Papillary"
0,0,26.0,0.19402985074626866,0.0,0.0,0.0,0.0,0.0,0.0,0.0,0.0,Pituitary Neoplasms
0,0,12.0,0.2222222222222222,1.0,0.018518518518518517,0.0,0.0,0.0,0.0,0.0,0.0,Bilateral cataracts (disorder)
0,0,9.0,0.12857142857142856,5.0,0.07142857142857142,0.0,0.0,0.0,0.0,0.0,0.0,"Breast Cancer, Familial"
0,0,19.0,0.1532258064516129,0.0,0.0,0.0,0.0,0.0,0.0,0.0,0.0,Global developmental delay
0,0,28.0,0.2568807339449541,0.0,0.0,0.0,0.0,0.0,0.0,0.0,0.0,Cognition Disorders
0,0,19.0,0.2878787878787879,2.0,0.030303030303030307,0.0,0.0,0.0,0.0,0.0,0.0,"Hypercholesterolemia, Familial"
0,0,11.0,0.13414634146341464,3.0,0.03658536585365853,0.0,0.0,0.0,0.0,0.0,0.0,Well Differentiated Oligodendroglioma
0,0,34.0,0.3269230769230769,0.0,0.0,0.0,0.0,0.0,0.0,0.0,0.0,synovial sarcoma
0,0,20.0,0.2531645569620253,9.0,0.1139240506329114,0.0,0.0,0.0,0.0,0.0,0.0,Metastatic malignant neoplasm to brain
0,0,35.0,0.2631578947368421,0.0,0.0,0.0,0.0,0.0,0.0,0.0,0.0,Primary biliary cirrhosis
0,0,44.0,0.3384615384615385,0.0,0.0,0.0,0.0,0.0,0.0,0.0,0.0,"Aortic Aneurysm, Abdominal"
0,0,20.0,0.38461538461538464,3.0,0.0576923076923077,0.0,0.0,0.0,0.0,0.0,0.0,"Leukemia, Myelomonocytic, Chronic"
0,0,11.0,0.1896551724137931,3.0,0.05172413793103448,0.0,0.0,0.0,0.0,0.0,0.0,Psoriasis vulgaris
0,0,15.0,0.1875,2.0,0.025,0.0,0.0,0.0,0.0,0.0,0.0,Cyst
0,0,6.0,0.05882352941176471,2.0,0.0196078431372549,0.0,0.0,0.0,0.0,0.0,0.0,Male infertility
0,0,23.0,0.2072072072072072,0.0,0.0,0.0,0.0,0.0,0.0,0.0,0.0,Aortic Valve Insufficiency
0,0,26.0,0.24074074074074076,0.0,0.0,0.0,0.0,0.0,0.0,0.0,0.0,Gallbladder Carcinoma
0,0,18.0,0.2903225806451613,5.0,0.08064516129032258,0.0,0.0,0.0,0.0,0.0,0.0,Malignant Squamous Cell Neoplasm
0,0,22.0,0.2716049382716049,5.0,0.061728395061728385,0.0,0.0,0.0,0.0,0.0,0.0,Classical Hodgkin's Lymphoma
0,0,15.0,0.2542372881355932,4.0,0.06779661016949153,0.0,0.0,0.0,0.0,0.0,0.0,Peripheral T-Cell Lymphoma
0,0,17.0,0.2575757575757576,7.0,0.10606060606060606,0.0,0.0,0.0,0.0,0.0,0.0,Chronic liver disease
0,0,36.0,0.2790697674418605,0.0,0.0,0.0,0.0,0.0,0.0,0.0,0.0,Malignant neoplasm of skin
0,0,29.0,0.2478632478632479,0.0,0.0,0.0,0.0,0.0,0.0,0.0,0.0,Chronic myeloproliferative disorder
0,0,25.0,0.2551020408163265,2.0,0.020408163265306117,0.0,0.0,0.0,0.0,0.0,0.0,Diabetic Retinopathy
0,0,25.0,0.2066115702479339,0.0,0.0,0.0,0.0,0.0,0.0,0.0,0.0,Malignant neoplasm of testis
0,0,12.0,0.2033898305084746,4.0,0.06779661016949153,0.0,0.0,0.0,0.0,0.0,0.0,Lewy Body Disease
0,0,12.0,0.15384615384615385,7.0,0.08974358974358974,0.0,0.0,0.0,0.0,0.0,0.0,Familial multiple trichoepitheliomata
0,0,9.0,0.1836734693877551,2.0,0.040816326530612235,0.0,0.0,0.0,0.0,0.0,0.0,Testicular malignant germ cell tumor
0,0,10.0,0.2380952380952381,5.0,0.11904761904761905,1.0,0.023809523809523808,0.0,0.0,0.0,0.0,Undifferentiated carcinoma
0,0,25.0,0.1984126984126984,0.0,0.0,0.0,0.0,0.0,0.0,0.0,0.0,Osteoporosis
0,0,25.0,0.27472527472527475,6.0,0.06593406593406594,0.0,0.0,0.0,0.0,0.0,0.0,Neurofibromatosis 1
0,0,30.0,0.2803738317757009,0.0,0.0,0.0,0.0,0.0,0.0,0.0,0.0,Pulmonary Emphysema
0,0,18.0,0.32142857142857145,3.0,0.05357142857142857,0.0,0.0,0.0,0.0,0.0,0.0,Vasculitis
0,0,28.0,0.24778761061946905,0.0,0.0,0.0,0.0,0.0,0.0,0.0,0.0,Vaccinia
0,0,23.0,0.3382352941176471,6.0,0.08823529411764706,0.0,0.0,0.0,0.0,0.0,0.0,Superficial ulcer
0,0,14.0,0.2692307692307692,6.0,0.1153846153846154,0.0,0.0,0.0,0.0,0.0,0.0,Pilocytic Astrocytoma
0,0,19.0,0.2183908045977012,7.0,0.08045977011494253,0.0,0.0,0.0,0.0,0.0,0.0,Squamous cell carcinoma of skin
0,0,15.0,0.2459016393442623,5.0,0.08196721311475409,0.0,0.0,0.0,0.0,0.0,0.0,"Respiratory Distress Syndrome, Adult"
0,0,8.0,0.1509433962264151,7.0,0.1320754716981132,0.0,0.0,0.0,0.0,0.0,0.0,Merkel cell carcinoma
0,0,19.0,0.2345679012345679,1.0,0.012345679012345678,0.0,0.0,0.0,0.0,0.0,0.0,Patent ductus arteriosus
0,0,19.0,0.1507936507936508,0.0,0.0,0.0,0.0,0.0,0.0,0.0,0.0,Attention deficit hyperactivity disorder
0,0,11.0,0.25,3.0,0.06818181818181818,1.0,0.022727272727272728,0.0,0.0,0.0,0.0,Lymphopenia
0,0,29.0,0.3717948717948718,5.0,0.0641025641025641,0.0,0.0,0.0,0.0,0.0,0.0,VITILIGO-ASSOCIATED MULTIPLE AUTOIMMUNE DISEASE SUSCEPTIBILITY 1 (finding)
0,0,24.0,0.2608695652173913,3.0,0.03260869565217391,0.0,0.0,0.0,0.0,0.0,0.0,Disseminated Malignant Neoplasm
0,0,12.0,0.2352941176470588,5.0,0.09803921568627452,0.0,0.0,0.0,0.0,0.0,0.0,Follicular adenoma
0,0,11.0,0.2972972972972973,2.0,0.054054054054054064,0.0,0.0,0.0,0.0,0.0,0.0,Machado-Joseph Disease
0,0,32.0,0.24242424242424246,0.0,0.0,0.0,0.0,0.0,0.0,0.0,0.0,Heart Diseases
0,0,31.0,0.246031746031746,0.0,0.0,0.0,0.0,0.0,0.0,0.0,0.0,Myeloproliferative disease
0,0,8.0,0.2352941176470588,7.0,0.2058823529411765,1.0,0.029411764705882356,0.0,0.0,0.0,0.0,Neurofibromatoses
0,0,29.0,0.19463087248322147,0.0,0.0,0.0,0.0,0.0,0.0,0.0,0.0,Epithelioma
0,0,7.0,0.14285714285714285,6.0,0.12244897959183673,0.0,0.0,0.0,0.0,0.0,0.0,Fatigue
0,0,34.0,0.23448275862068965,0.0,0.0,0.0,0.0,0.0,0.0,0.0,0.0,Choriocarcinoma
0,0,11.0,0.12941176470588234,0.0,0.0,0.0,0.0,0.0,0.0,0.0,0.0,Muscular Dystrophy
0,0,21.0,0.25609756097560976,6.0,0.07317073170731707,0.0,0.0,0.0,0.0,0.0,0.0,Progressive Neoplastic Disease
0,0,19.0,0.2183908045977012,4.0,0.045977011494252866,0.0,0.0,0.0,0.0,0.0,0.0,Multiple malignancy
0,0,14.0,0.2153846153846154,2.0,0.030769230769230767,0.0,0.0,0.0,0.0,0.0,0.0,Myotonic Dystrophy
0,0,5.0,0.11904761904761905,5.0,0.11904761904761905,1.0,0.023809523809523808,0.0,0.0,0.0,0.0,Bacteremia
0,0,13.0,0.18309859154929575,0.0,0.0,0.0,0.0,0.0,0.0,0.0,0.0,Neural Tube Defects
0,0,16.0,0.2222222222222222,6.0,0.08333333333333333,0.0,0.0,0.0,0.0,0.0,0.0,Anaplastic astrocytoma
0,0,6.0,0.16216216216216214,4.0,0.10810810810810813,0.0,0.0,0.0,0.0,0.0,0.0,Uterine Cervical Neoplasm
0,0,10.0,0.18181818181818185,6.0,0.10909090909090907,0.0,0.0,0.0,0.0,0.0,0.0,Teratoma
0,0,10.0,0.14084507042253522,3.0,0.04225352112676056,0.0,0.0,0.0,0.0,0.0,0.0,"Glaucoma, Primary Open Angle"
0,0,11.0,0.21568627450980396,7.0,0.13725490196078433,0.0,0.0,0.0,0.0,0.0,0.0,Cachexia
0,0,20.0,0.202020202020202,0.0,0.0,0.0,0.0,0.0,0.0,0.0,0.0,Hypertrophic Cardiomyopathy
0,0,37.0,0.3162393162393162,0.0,0.0,0.0,0.0,0.0,0.0,0.0,0.0,Tumor Initiation
0,0,18.0,0.2465753424657534,10.0,0.136986301369863,0.0,0.0,0.0,0.0,0.0,0.0,Familial lichen amyloidosis
0,0,13.0,0.1566265060240964,5.0,0.060240963855421686,0.0,0.0,0.0,0.0,0.0,0.0,Melanocytic nevus
0,0,20.0,0.19607843137254904,1.0,0.00980392156862745,0.0,0.0,0.0,0.0,0.0,0.0,Leukopenia
0,0,35.0,0.29914529914529914,0.0,0.0,0.0,0.0,0.0,0.0,0.0,0.0,Tumor necrosis
0,0,15.0,0.2272727272727273,8.0,0.12121212121212123,0.0,0.0,0.0,0.0,0.0,0.0,Transitional cell carcinoma of bladder
0,0,12.0,0.24,5.0,0.1,1.0,0.02,0.0,0.0,0.0,0.0,Atrial Premature Complexes
0,0,11.0,0.14864864864864866,5.0,0.06756756756756757,0.0,0.0,0.0,0.0,0.0,0.0,Adrenoleukodystrophy
0,0,9.0,0.10714285714285714,6.0,0.07142857142857142,0.0,0.0,0.0,0.0,0.0,0.0,Follicular thyroid carcinoma
0,0,11.0,0.16666666666666666,3.0,0.045454545454545456,0.0,0.0,0.0,0.0,0.0,0.0,Pancreatitis
0,0,25.0,0.2358490566037736,1.0,0.009433962264150943,0.0,0.0,0.0,0.0,0.0,0.0,Trisomy
0,0,12.0,0.3,4.0,0.1,1.0,0.025,0.0,0.0,0.0,0.0,West Nile viral infection
0,0,22.0,0.17600000000000002,0.0,0.0,0.0,0.0,0.0,0.0,0.0,0.0,Psychotic Disorders
0,0,35.0,0.29411764705882354,0.0,0.0,0.0,0.0,0.0,0.0,0.0,0.0,Overweight
0,0,38.0,0.25675675675675674,0.0,0.0,0.0,0.0,0.0,0.0,0.0,0.0,Fibrosarcoma
0,0,7.0,0.14583333333333334,1.0,0.02083333333333333,0.0,0.0,0.0,0.0,0.0,0.0,Intraocular pressure disorder
0,0,9.0,0.15,6.0,0.1,0.0,0.0,0.0,0.0,0.0,0.0,Pancreatic intraepithelial neoplasia
0,0,23.0,0.17692307692307693,0.0,0.0,0.0,0.0,0.0,0.0,0.0,0.0,Adenocarcinoma of colon
0,0,25.0,0.3164556962025317,7.0,0.08860759493670886,0.0,0.0,0.0,0.0,0.0,0.0,"Tuberculosis, Pulmonary"
0,0,21.0,0.2058823529411765,0.0,0.0,0.0,0.0,0.0,0.0,0.0,0.0,Myxoid cyst
0,0,19.0,0.2375,7.0,0.0875,0.0,0.0,0.0,0.0,0.0,0.0,Acquired Immunodeficiency Syndrome
0,0,15.0,0.1973684210526316,5.0,0.06578947368421052,0.0,0.0,0.0,0.0,0.0,0.0,Mild cognitive disorder
0,0,35.0,0.3465346534653465,2.0,0.0198019801980198,0.0,0.0,0.0,0.0,0.0,0.0,Dissecting aneurysm of the thoracic aorta
0,0,17.0,0.1574074074074074,0.0,0.0,0.0,0.0,0.0,0.0,0.0,0.0,Acute Erythroblastic Leukemia
0,0,13.0,0.2653061224489796,5.0,0.1020408163265306,1.0,0.020408163265306117,0.0,0.0,0.0,0.0,Skin Erosion
0,0,15.0,0.2777777777777778,5.0,0.0925925925925926,0.0,0.0,0.0,0.0,0.0,0.0,"Obesity, Morbid"
0,0,23.0,0.2371134020618557,3.0,0.030927835051546393,0.0,0.0,0.0,0.0,0.0,0.0,Cardiac Arrest
0,0,19.0,0.2261904761904762,2.0,0.023809523809523808,0.0,0.0,0.0,0.0,0.0,0.0,"Ovarian Failure, Premature"
0,0,9.0,0.16981132075471694,8.0,0.1509433962264151,0.0,0.0,0.0,0.0,0.0,0.0,"Ichthyosis, X-Linked"
0,0,5.0,0.08771929824561403,4.0,0.07017543859649122,0.0,0.0,0.0,0.0,0.0,0.0,Lung consolidation
0,0,24.0,0.3116883116883117,6.0,0.07792207792207792,0.0,0.0,0.0,0.0,0.0,0.0,Invasive Carcinoma
0,0,30.0,0.25210084033613445,0.0,0.0,0.0,0.0,0.0,0.0,0.0,0.0,Urothelial Carcinoma
0,0,19.0,0.2235294117647059,2.0,0.023529411764705882,0.0,0.0,0.0,0.0,0.0,0.0,Parkinsonian Disorders
0,0,23.0,0.26136363636363635,3.0,0.03409090909090909,0.0,0.0,0.0,0.0,0.0,0.0,Mammary Tumorigenesis
0,0,7.0,0.1346153846153846,2.0,0.038461538461538464,0.0,0.0,0.0,0.0,0.0,0.0,Myopia
0,0,37.0,0.2868217054263566,0.0,0.0,0.0,0.0,0.0,0.0,0.0,0.0,Hyperinsulinism
0,0,5.0,0.10638297872340426,7.0,0.14893617021276595,1.0,0.02127659574468085,0.0,0.0,0.0,0.0,Intraepithelial Neoplasia
0,0,23.0,0.2804878048780488,7.0,0.08536585365853659,0.0,0.0,0.0,0.0,0.0,0.0,Hashimoto Disease
0,0,35.0,0.3211009174311927,0.0,0.0,0.0,0.0,0.0,0.0,0.0,0.0,Restenosis
0,0,13.0,0.18055555555555555,1.0,0.013888888888888888,0.0,0.0,0.0,0.0,0.0,0.0,Autosomal Dominant Disorder
0,0,20.0,0.2857142857142857,3.0,0.042857142857142864,0.0,0.0,0.0,0.0,0.0,0.0,Chronic Periodontitis
0,0,42.0,0.3442622950819672,0.0,0.0,0.0,0.0,0.0,0.0,0.0,0.0,Respiratory syncytial virus (RSV) infection in conditions classified elsewhere and of unspecified site
0,0,8.0,0.11594202898550725,4.0,0.05797101449275361,0.0,0.0,0.0,0.0,0.0,0.0,Clear-cell metastatic renal cell carcinoma
0,0,23.0,0.18548387096774194,0.0,0.0,0.0,0.0,0.0,0.0,0.0,0.0,Mycoses
0,0,15.0,0.18292682926829268,1.0,0.012195121951219513,0.0,0.0,0.0,0.0,0.0,0.0,Irritable Bowel Syndrome
0,0,12.0,0.1875,2.0,0.03125,0.0,0.0,0.0,0.0,0.0,0.0,Pseudohyperkalemia Cardiff
0,0,21.0,0.375,8.0,0.14285714285714285,0.0,0.0,0.0,0.0,0.0,0.0,Respiratory Syncytial Virus Infections
0,0,15.0,0.2830188679245283,3.0,0.05660377358490566,0.0,0.0,0.0,0.0,0.0,0.0,Xeroderma Pigmentosum
0,0,10.0,0.20833333333333331,4.0,0.08333333333333333,0.0,0.0,0.0,0.0,0.0,0.0,Werner Syndrome
0,0,17.0,0.18085106382978725,5.0,0.05319148936170213,0.0,0.0,0.0,0.0,0.0,0.0,Adenocarcinoma of prostate
0,0,10.0,0.1694915254237288,5.0,0.0847457627118644,0.0,0.0,0.0,0.0,0.0,0.0,Focal glomerulosclerosis
0,0,25.0,0.3164556962025317,4.0,0.05063291139240506,0.0,0.0,0.0,0.0,0.0,0.0,Eosinophilic disorder
0,0,12.0,0.2553191489361702,4.0,0.0851063829787234,1.0,0.02127659574468085,0.0,0.0,0.0,0.0,Steroid Sulfatase Deficiency Disease
0,0,20.0,0.21505376344086025,3.0,0.03225806451612903,0.0,0.0,0.0,0.0,0.0,0.0,Peripheral Neuropathy
0,0,11.0,0.1896551724137931,10.0,0.1724137931034483,0.0,0.0,0.0,0.0,0.0,0.0,"Lung Diseases, Interstitial"
0,0,31.0,0.2421875,0.0,0.0,0.0,0.0,0.0,0.0,0.0,0.0,Cerebral Infarction
0,0,12.0,0.2033898305084746,4.0,0.06779661016949153,0.0,0.0,0.0,0.0,0.0,0.0,Craniosynostosis
0,0,9.0,0.1875,3.0,0.0625,0.0,0.0,0.0,0.0,0.0,0.0,Adult Acute Myeloblastic Leukemia
0,0,11.0,0.1527777777777778,6.0,0.08333333333333333,0.0,0.0,0.0,0.0,0.0,0.0,Squamous cell carcinoma of tongue
0,0,9.0,0.20454545454545456,5.0,0.11363636363636365,0.0,0.0,0.0,0.0,0.0,0.0,Aortic Valve Stenosis
0,0,22.0,0.23655913978494625,1.0,0.010752688172043013,0.0,0.0,0.0,0.0,0.0,0.0,MIXED LINEAGE LEUKEMIA
0,0,24.0,0.22641509433962265,0.0,0.0,0.0,0.0,0.0,0.0,0.0,0.0,Severe Combined Immunodeficiency
0,0,22.0,0.25287356321839083,4.0,0.045977011494252866,0.0,0.0,0.0,0.0,0.0,0.0,Immune System Diseases
0,0,22.0,0.1896551724137931,0.0,0.0,0.0,0.0,0.0,0.0,0.0,0.0,Brain Diseases
0,0,21.0,0.2,2.0,0.01904761904761905,0.0,0.0,0.0,0.0,0.0,0.0,Agenesis of corpus callosum
0,0,14.0,0.28,2.0,0.04,1.0,0.02,0.0,0.0,0.0,0.0,M5b Acute differentiated monocytic leukemia
0,0,22.0,0.3492063492063492,6.0,0.09523809523809523,0.0,0.0,0.0,0.0,0.0,0.0,tumor vasculature
0,0,25.0,0.1968503937007874,0.0,0.0,0.0,0.0,0.0,0.0,0.0,0.0,Malignant neoplasm of gastrointestinal tract
0,0,11.0,0.11827956989247312,2.0,0.021505376344086027,0.0,0.0,0.0,0.0,0.0,0.0,Spinal Muscular Atrophy
0,0,16.0,0.32,2.0,0.04,1.0,0.02,0.0,0.0,0.0,0.0,pediatric acute myeloblastic leukemia
0,0,15.0,0.2459016393442623,7.0,0.11475409836065575,0.0,0.0,0.0,0.0,0.0,0.0,"Encephalitis, St. Louis"
0,0,13.0,0.19696969696969696,4.0,0.060606060606060615,0.0,0.0,0.0,0.0,0.0,0.0,Malignant neoplasm of larynx
0,0,7.0,0.18421052631578946,1.0,0.02631578947368421,1.0,0.02631578947368421,0.0,0.0,0.0,0.0,Pancytopenia
0,0,23.0,0.2948717948717949,6.0,0.07692307692307693,0.0,0.0,0.0,0.0,0.0,0.0,Immune thrombocytopenic purpura
0,0,21.0,0.2258064516129032,2.0,0.021505376344086027,0.0,0.0,0.0,0.0,0.0,0.0,Papilloma
0,0,17.0,0.2328767123287671,4.0,0.0547945205479452,0.0,0.0,0.0,0.0,0.0,0.0,Bone Diseases
0,0,19.0,0.3584905660377358,7.0,0.1320754716981132,0.0,0.0,0.0,0.0,0.0,0.0,Myocarditis
0,0,16.0,0.20512820512820512,5.0,0.0641025641025641,0.0,0.0,0.0,0.0,0.0,0.0,Neutropenia
0,0,10.0,0.16666666666666666,2.0,0.03333333333333333,0.0,0.0,0.0,0.0,0.0,0.0,Acute Megakaryocytic Leukemias
0,0,18.0,0.2307692307692308,4.0,0.05128205128205128,0.0,0.0,0.0,0.0,0.0,0.0,Renal glomerular disease
0,0,21.0,0.19811320754716985,0.0,0.0,0.0,0.0,0.0,0.0,0.0,0.0,Cervical Intraepithelial Neoplasia
0,0,10.0,0.2631578947368421,4.0,0.10526315789473684,1.0,0.02631578947368421,0.0,0.0,0.0,0.0,Chordoma
0,0,41.0,0.27702702702702703,0.0,0.0,0.0,0.0,0.0,0.0,0.0,0.0,Lupus Erythematosus
0,0,25.0,0.25773195876288657,2.0,0.020618556701030927,0.0,0.0,0.0,0.0,0.0,0.0,Polycythemia Vera
0,0,17.0,0.1827956989247312,1.0,0.010752688172043013,0.0,0.0,0.0,0.0,0.0,0.0,Memory impairment
0,0,5.0,0.09803921568627452,4.0,0.0784313725490196,0.0,0.0,0.0,0.0,0.0,0.0,Thyroid Gland Follicular Adenoma
0,0,7.0,0.1794871794871795,3.0,0.07692307692307693,5.0,0.1282051282051282,0.0,0.0,0.0,0.0,Luminal B Breast Carcinoma
0,0,9.0,0.2368421052631579,3.0,0.07894736842105263,1.0,0.02631578947368421,0.0,0.0,0.0,0.0,Breast Fibrocystic Disease
0,0,24.0,0.4137931034482759,4.0,0.06896551724137931,0.0,0.0,0.0,0.0,0.0,0.0,Common Variable Immunodeficiency
0,0,7.0,0.09722222222222222,5.0,0.06944444444444445,0.0,0.0,0.0,0.0,0.0,0.0,"Polycystic Kidney, Autosomal Dominant"
0,0,13.0,0.21666666666666667,0.0,0.0,0.0,0.0,0.0,0.0,0.0,0.0,Sensorineural Hearing Loss (disorder)
0,0,30.0,0.21897810218978106,0.0,0.0,0.0,0.0,0.0,0.0,0.0,0.0,Essential Hypertension
0,0,32.0,0.248062015503876,0.0,0.0,0.0,0.0,0.0,0.0,0.0,0.0,Hepatitis A
0,0,22.0,0.2222222222222222,1.0,0.010101010101010102,0.0,0.0,0.0,0.0,0.0,0.0,Skin endocrine disorder
0,0,23.0,0.1796875,0.0,0.0,0.0,0.0,0.0,0.0,0.0,0.0,Adenoma of large intestine
0,0,4.0,0.10810810810810813,3.0,0.08108108108108109,1.0,0.027027027027027032,0.0,0.0,0.0,0.0,Shy-Drager Syndrome
0,0,28.0,0.25225225225225223,0.0,0.0,0.0,0.0,0.0,0.0,0.0,0.0,Ankylosing spondylitis
0,0,21.0,0.2307692307692308,3.0,0.03296703296703297,0.0,0.0,0.0,0.0,0.0,0.0,Hyperlipidemia
0,0,10.0,0.21739130434782608,4.0,0.08695652173913042,0.0,0.0,0.0,0.0,0.0,0.0,Myelodysplasia
0,0,36.0,0.24489795918367346,0.0,0.0,0.0,0.0,0.0,0.0,0.0,0.0,Stomach Neoplasms
0,0,16.0,0.32,6.0,0.12,1.0,0.02,0.0,0.0,0.0,0.0,Synovitis
0,0,9.0,0.25,2.0,0.05555555555555555,2.0,0.05555555555555555,0.0,0.0,0.0,0.0,MYOTONIC DYSTROPHY 1
0,0,12.0,0.2222222222222222,2.0,0.037037037037037035,0.0,0.0,0.0,0.0,0.0,0.0,Paresis
0,0,27.0,0.2621359223300971,0.0,0.0,0.0,0.0,0.0,0.0,0.0,0.0,Addictive Behavior
0,0,31.0,0.3647058823529412,3.0,0.035294117647058816,0.0,0.0,0.0,0.0,0.0,0.0,Dermatitis
0,0,7.0,0.1794871794871795,3.0,0.07692307692307693,3.0,0.07692307692307693,0.0,0.0,0.0,0.0,Testicular Germ Cell Tumor
0,0,9.0,0.15517241379310345,2.0,0.03448275862068965,0.0,0.0,0.0,0.0,0.0,0.0,Motor Neuron Disease
0,0,22.0,0.21153846153846154,0.0,0.0,0.0,0.0,0.0,0.0,0.0,0.0,"Alzheimer Disease, Late Onset"
0,0,12.0,0.12,3.0,0.03,0.0,0.0,0.0,0.0,0.0,0.0,Squamous cell carcinoma of lung
0,0,13.0,0.203125,7.0,0.109375,0.0,0.0,0.0,0.0,0.0,0.0,Malignant neoplasm of brain
0,0,15.0,0.2272727272727273,3.0,0.045454545454545456,0.0,0.0,0.0,0.0,0.0,0.0,Hypoglycemia
0,0,7.0,0.14583333333333334,2.0,0.04166666666666666,0.0,0.0,0.0,0.0,0.0,0.0,Frontotemporal Lobar Degeneration
0,0,12.0,0.22641509433962265,5.0,0.09433962264150944,0.0,0.0,0.0,0.0,0.0,0.0,Middle Cerebral Artery Occlusion
0,0,42.0,0.3716814159292036,1.0,0.008849557522123894,0.0,0.0,0.0,0.0,0.0,0.0,Gastrointestinal Carcinoid Tumor
0,0,31.0,0.2108843537414966,0.0,0.0,0.0,0.0,0.0,0.0,0.0,0.0,Non-alcoholic Fatty Liver Disease
0,0,41.0,0.2949640287769784,0.0,0.0,0.0,0.0,0.0,0.0,0.0,0.0,polyps
0,0,15.0,0.12396694214876032,0.0,0.0,0.0,0.0,0.0,0.0,0.0,0.0,Cerebellar Ataxia
0,0,7.0,0.18421052631578946,1.0,0.02631578947368421,1.0,0.02631578947368421,0.0,0.0,0.0,0.0,Parathyroid Adenoma
0,0,19.0,0.2235294117647059,4.0,0.047058823529411764,0.0,0.0,0.0,0.0,0.0,0.0,Dengue Fever
0,0,22.0,0.21153846153846154,0.0,0.0,0.0,0.0,0.0,0.0,0.0,0.0,Kidney Neoplasm
0,0,20.0,0.21052631578947367,4.0,0.042105263157894736,0.0,0.0,0.0,0.0,0.0,0.0,Lymphoid leukemia
0,0,12.0,0.2608695652173913,4.0,0.08695652173913042,1.0,0.021739130434782608,0.0,0.0,0.0,0.0,Dermatomyositis
0,0,14.0,0.23728813559322035,2.0,0.03389830508474576,0.0,0.0,0.0,0.0,0.0,0.0,CNS disorder
0,0,3.0,0.04615384615384616,3.0,0.04615384615384616,0.0,0.0,0.0,0.0,0.0,0.0,Mitochondrial Diseases
0,0,17.0,0.20987654320987653,4.0,0.04938271604938271,0.0,0.0,0.0,0.0,0.0,0.0,Sporadic Breast Carcinoma
0,0,31.0,0.2743362831858407,0.0,0.0,0.0,0.0,0.0,0.0,0.0,0.0,Hepatoblastoma
0,0,33.0,0.2519083969465649,0.0,0.0,0.0,0.0,0.0,0.0,0.0,0.0,Malignant Pleural Mesothelioma
0,0,19.0,0.18811881188118806,0.0,0.0,0.0,0.0,0.0,0.0,0.0,0.0,Synovial Cyst
0,0,16.0,0.2222222222222222,7.0,0.09722222222222222,0.0,0.0,0.0,0.0,0.0,0.0,"Hamartoma Syndrome, Multiple"
0,0,11.0,0.2558139534883721,3.0,0.06976744186046513,0.0,0.0,0.0,0.0,0.0,0.0,Mycobacterium Infections
0,0,10.0,0.2222222222222222,5.0,0.1111111111111111,1.0,0.022222222222222227,0.0,0.0,0.0,0.0,"Liver Failure, Acute"
0,0,8.0,0.14814814814814814,8.0,0.14814814814814814,0.0,0.0,0.0,0.0,0.0,0.0,"Adenocarcinoma, Clear Cell"
0,0,31.0,0.31,1.0,0.01,0.0,0.0,0.0,0.0,0.0,0.0,Thymoma
0,0,17.0,0.16831683168316833,6.0,0.0594059405940594,0.0,0.0,0.0,0.0,0.0,0.0,Germ cell tumor
0,0,31.0,0.248,0.0,0.0,0.0,0.0,0.0,0.0,0.0,0.0,Neuroendocrine Tumors
0,0,24.0,0.3380281690140845,4.0,0.056338028169014086,0.0,0.0,0.0,0.0,0.0,0.0,Aneurysm
0,0,18.0,0.21428571428571427,3.0,0.03571428571428571,0.0,0.0,0.0,0.0,0.0,0.0,invasive cancer
0,0,20.0,0.2380952380952381,2.0,0.023809523809523808,0.0,0.0,0.0,0.0,0.0,0.0,Renal Insufficiency
0,0,20.0,0.29411764705882354,3.0,0.04411764705882353,0.0,0.0,0.0,0.0,0.0,0.0,"Thrombocythemia, Essential"
0,0,17.0,0.2236842105263158,5.0,0.06578947368421052,0.0,0.0,0.0,0.0,0.0,0.0,Turner Syndrome
0,0,8.0,0.19047619047619047,7.0,0.16666666666666666,2.0,0.047619047619047616,0.0,0.0,0.0,0.0,"Rhabdomyosarcoma, Embryonal"
0,0,9.0,0.1232876712328767,1.0,0.0136986301369863,0.0,0.0,0.0,0.0,0.0,0.0,Charcot-Marie-Tooth Disease
0,0,27.0,0.2903225806451613,2.0,0.021505376344086027,0.0,0.0,0.0,0.0,0.0,0.0,Inflammatory disorder
0,0,19.0,0.18811881188118806,0.0,0.0,0.0,0.0,0.0,0.0,0.0,0.0,Nonorganic psychosis
0,0,29.0,0.2959183673469388,0.0,0.0,0.0,0.0,0.0,0.0,0.0,0.0,"Kidney Failure, Acute"
0,0,31.0,0.2627118644067797,0.0,0.0,0.0,0.0,0.0,0.0,0.0,0.0,Medullary carcinoma of thyroid
0,0,28.0,0.32558139534883723,5.0,0.05813953488372092,0.0,0.0,0.0,0.0,0.0,0.0,Refractory cancer
0,0,8.0,0.16,6.0,0.12,2.0,0.04,0.0,0.0,0.0,0.0,leiomyosarcoma
0,0,17.0,0.1868131868131868,7.0,0.07692307692307693,0.0,0.0,0.0,0.0,0.0,0.0,Aplasia Cutis Congenita
0,0,6.0,0.11320754716981132,5.0,0.09433962264150944,0.0,0.0,0.0,0.0,0.0,0.0,"Neuroectodermal Tumor, Primitive"
0,0,17.0,0.18478260869565216,0.0,0.0,0.0,0.0,0.0,0.0,0.0,0.0,"Muscular Dystrophy, Duchenne"
0,0,18.0,0.1875,3.0,0.03125,0.0,0.0,0.0,0.0,0.0,0.0,Eclampsia
0,0,10.0,0.2222222222222222,1.0,0.022222222222222227,0.0,0.0,0.0,0.0,0.0,0.0,Motor neuron atrophy
0,0,11.0,0.15942028985507245,1.0,0.014492753623188406,0.0,0.0,0.0,0.0,0.0,0.0,Microcephaly
0,0,22.0,0.2075471698113208,0.0,0.0,0.0,0.0,0.0,0.0,0.0,0.0,Congenital contractural arachnodactyly
0,0,15.0,0.1724137931034483,5.0,0.057471264367816084,0.0,0.0,0.0,0.0,0.0,0.0,Scleroderma
0,0,21.0,0.24705882352941175,2.0,0.023529411764705882,0.0,0.0,0.0,0.0,0.0,0.0,Carcinoma of larynx
0,0,13.0,0.2653061224489796,2.0,0.040816326530612235,0.0,0.0,0.0,0.0,0.0,0.0,Henoch-Schoenlein Purpura
0,0,7.0,0.13725490196078433,5.0,0.09803921568627452,0.0,0.0,0.0,0.0,0.0,0.0,"Leukoencephalopathy, Progressive Multifocal"
0,0,8.0,0.16326530612244894,2.0,0.040816326530612235,0.0,0.0,0.0,0.0,0.0,0.0,Microphthalmos
0,0,42.0,0.3559322033898305,0.0,0.0,0.0,0.0,0.0,0.0,0.0,0.0,"Lymphoma, T-Cell, Cutaneous"
0,0,28.0,0.3146067415730337,3.0,0.033707865168539325,0.0,0.0,0.0,0.0,0.0,0.0,Lupus Nephritis
0,0,16.0,0.2318840579710145,3.0,0.043478260869565216,0.0,0.0,0.0,0.0,0.0,0.0,Hypothyroidism
0,0,23.0,0.17037037037037034,0.0,0.0,0.0,0.0,0.0,0.0,0.0,0.0,Trichohepatoenteric Syndrome
